artifact_id,revision,is_current,inspection_id,project_id,asset_id,document_kind,relative_path
ART-001-P,1,true,INS-001,NC-001,A-001,photo,O-001/photo.png
ART-001-R,1,true,INS-001,NC-001,A-001,inspection_report,O-001/report.pdf
ART-002-P,1,true,INS-002,NC-001,A-002,photo,O-002/photo.png
ART-002-R,1,true,INS-002,NC-001,A-002,inspection_report,O-002/report.pdf
ART-003-P,1,true,INS-003,NC-001,A-003,photo,O-003/photo.png
ART-003-R,1,true,INS-003,NC-001,A-003,inspection_report,O-003/report.pdf
ART-004-P,1,true,INS-004,NC-001,A-004,photo,O-004/photo.png
ART-004-R,1,true,INS-004,NC-001,A-004,inspection_report,O-004/report.pdf
ART-005-P,1,true,INS-005,NC-001,A-005,photo,O-005/photo.png
ART-005-R,1,true,INS-005,NC-001,A-005,inspection_report,O-005/report.pdf
ART-006-P,1,true,INS-006,NC-001,A-006,photo,O-006/photo.png
ART-006-R,1,true,INS-006,NC-001,A-006,inspection_report,O-006/report.pdf
ART-007-P,1,true,INS-007,NC-001,A-007,photo,O-007/photo.png
ART-007-R,1,true,INS-007,NC-001,A-007,inspection_report,O-007/report.pdf
ART-008-P,1,true,INS-008,NC-001,A-008,photo,O-008/photo.png
ART-008-R,1,true,INS-008,NC-001,A-008,inspection_report,O-008/report.pdf
ART-009-P,1,true,INS-009,NC-001,A-009,photo,O-009/photo.png
ART-009-R,1,true,INS-009,NC-001,A-009,inspection_report,O-009/report.pdf
ART-010-P,1,true,INS-010,NC-001,A-010,photo,O-010/photo.png
ART-010-R,1,true,INS-010,NC-001,A-010,inspection_report,O-010/report.pdf
ART-011-P,1,true,INS-011,NC-001,A-011,photo,O-011/photo.png
ART-011-R,1,true,INS-011,NC-001,A-011,inspection_report,O-011/report.pdf
ART-012-P,1,true,INS-012,NC-001,A-012,photo,O-012/photo.png
ART-012-R,1,true,INS-012,NC-001,A-012,inspection_report,O-012/report.pdf
ART-013-P,1,true,INS-013,NC-001,A-013,photo,O-013/photo.png
ART-013-R,1,true,INS-013,NC-001,A-013,inspection_report,O-013/report.pdf
ART-014-P,1,true,INS-014,NC-001,A-014,photo,O-014/photo.png
ART-014-R,1,true,INS-014,NC-001,A-014,inspection_report,O-014/report.pdf
ART-015-P,1,true,INS-015,NC-001,A-015,photo,O-015/photo.png
ART-015-R,1,true,INS-015,NC-001,A-015,inspection_report,O-015/report.pdf
ART-016-P,1,true,INS-016,NC-001,A-016,photo,O-016/photo.png
ART-016-R,1,true,INS-016,NC-001,A-016,inspection_report,O-016/report.pdf
ART-017-P,1,true,INS-017,NC-001,A-017,photo,O-017/photo.png
ART-017-R,1,true,INS-017,NC-001,A-017,inspection_report,O-017/report.pdf
ART-018-P,1,true,INS-018,NC-001,A-018,photo,O-018/photo.png
ART-018-R,1,true,INS-018,NC-001,A-018,inspection_report,O-018/report.pdf
ART-019-P,1,true,INS-019,NC-001,A-019,photo,O-019/photo.png
ART-019-R,1,true,INS-019,NC-001,A-019,inspection_report,O-019/report.pdf
ART-020-P,1,true,INS-020,NC-001,A-020,photo,O-020/photo.png
ART-020-R,1,true,INS-020,NC-001,A-020,inspection_report,O-020/report.pdf
ART-021-P,1,true,INS-021,NC-001,A-021,photo,O-021/photo.png
ART-021-R,1,true,INS-021,NC-001,A-021,inspection_report,O-021/report.pdf
ART-022-P,1,true,INS-022,NC-001,A-022,photo,O-022/photo.png
ART-022-R,1,true,INS-022,NC-001,A-022,inspection_report,O-022/report.pdf
ART-023-P,1,true,INS-023,NC-001,A-023,photo,O-023/photo.png
ART-023-R,1,true,INS-023,NC-001,A-023,inspection_report,O-023/report.pdf
ART-024-P,1,true,INS-024,NC-001,A-024,photo,O-024/photo.png
ART-024-R,1,true,INS-024,NC-001,A-024,inspection_report,O-024/report.pdf
ART-025-P,1,true,INS-025,NC-001,A-025,photo,O-025/photo.png
ART-025-R,1,true,INS-025,NC-001,A-025,inspection_report,O-025/report.pdf
ART-026-P,1,true,INS-026,NC-001,A-026,photo,O-026/photo.png
ART-026-R,1,true,INS-026,NC-001,A-026,inspection_report,O-026/report.pdf
ART-027-P,1,true,INS-027,NC-001,A-027,photo,O-027/photo.png
ART-027-R,1,true,INS-027,NC-001,A-027,inspection_report,O-027/report.pdf
ART-028-P,1,true,INS-028,NC-001,A-028,photo,O-028/photo.png
ART-028-R,1,true,INS-028,NC-001,A-028,inspection_report,O-028/report.pdf
ART-029-P,1,true,INS-029,NC-001,A-029,photo,O-029/photo.png
ART-029-R,1,true,INS-029,NC-001,A-029,inspection_report,O-029/report.pdf
ART-030-P,1,true,INS-030,NC-001,A-030,photo,O-030/photo.png
ART-030-R,1,true,INS-030,NC-001,A-030,inspection_report,O-030/report.pdf
ART-031-P,1,true,INS-031,NC-001,A-031,photo,O-031/photo.png
ART-031-R,1,true,INS-031,NC-001,A-031,inspection_report,O-031/report.pdf
ART-032-P,1,true,INS-032,NC-001,A-032,photo,O-032/photo.png
ART-032-R,1,true,INS-032,NC-001,A-032,inspection_report,O-032/report.pdf
ART-033-P,1,true,INS-033,NC-001,A-033,photo,O-033/photo.png
ART-033-R,1,true,INS-033,NC-001,A-033,inspection_report,O-033/report.pdf
ART-034-P,1,true,INS-034,NC-001,A-034,photo,O-034/photo.png
ART-034-R,1,true,INS-034,NC-001,A-034,inspection_report,O-034/report.pdf
ART-035-P,1,true,INS-035,NC-001,A-035,photo,O-035/photo.png
ART-035-R,1,true,INS-035,NC-001,A-035,inspection_report,O-035/report.pdf
ART-036-P,1,true,INS-036,NC-001,A-036,photo,O-036/photo.png
ART-036-R,1,true,INS-036,NC-001,A-036,inspection_report,O-036/report.pdf
