approval_id,artifact_id,artifact_revision
APR-001,ART-001-P,1
APR-001,ART-001-R,1
APR-002,ART-002-P,1
APR-002,ART-002-R,1
APR-003,ART-003-P,1
APR-003,ART-003-R,1
APR-004,ART-004-P,1
APR-004,ART-004-R,1
APR-005,ART-005-P,1
APR-005,ART-005-R,1
APR-006,ART-006-P,1
APR-006,ART-006-R,1
APR-007,ART-007-P,1
APR-007,ART-007-R,1
APR-008,ART-008-P,1
APR-008,ART-008-R,1
APR-009,ART-009-P,1
APR-009,ART-009-R,1
APR-010,ART-010-P,1
APR-010,ART-010-R,1
APR-011,ART-011-P,1
APR-011,ART-011-R,1
APR-012,ART-012-P,1
APR-012,ART-012-R,1
APR-013,ART-013-P,1
APR-013,ART-013-R,1
APR-014,ART-014-P,1
APR-014,ART-014-R,1
APR-015,ART-015-P,1
APR-015,ART-015-R,1
APR-016,ART-016-P,1
APR-016,ART-016-R,1
APR-017,ART-017-P,1
APR-017,ART-017-R,1
APR-018,ART-018-P,1
APR-018,ART-018-R,1
APR-019,ART-019-P,1
APR-019,ART-019-R,1
APR-020,ART-020-P,1
APR-020,ART-020-R,1
APR-021,ART-021-P,1
APR-021,ART-021-R,1
APR-022,ART-022-P,1
APR-022,ART-022-R,1
APR-023,ART-023-P,1
APR-023,ART-023-R,1
APR-024,ART-024-P,1
APR-024,ART-024-R,1
APR-025,ART-025-P,1
APR-025,ART-025-R,1
APR-026,ART-026-P,1
APR-026,ART-026-R,1
APR-027,ART-027-P,1
APR-027,ART-027-R,1
APR-028,ART-028-P,1
APR-028,ART-028-R,1
APR-029,ART-029-P,1
APR-029,ART-029-R,1
APR-030,ART-030-P,1
APR-030,ART-030-R,1
APR-031,ART-031-P,1
APR-031,ART-031-R,1
APR-032,ART-032-P,1
APR-032,ART-032-R,1
APR-033,ART-033-P,1
APR-033,ART-033-R,1
APR-034,ART-034-P,1
APR-034,ART-034-R,1
APR-035,ART-035-P,1
APR-035,ART-035-R,1
APR-036,ART-036-P,1
APR-036,ART-036-R,1
APR-037,ART-037-P,1
APR-037,ART-037-R,1
APR-038,ART-038-P,1
APR-038,ART-038-R,1
APR-039,ART-039-P,1
APR-039,ART-039-R,1
APR-040,ART-040-P,1
APR-040,ART-040-R,1
