inspection_id,revision,is_current,obligation_id,project_id,asset_id,activity_kind,completion_status,completed_at
INS-001,1,true,O-001,NC-001,A-001,visual_inspection,completed,2026-09-01T15:00:00Z
INS-002,1,true,O-002,NC-001,A-002,visual_inspection,completed,2026-09-02T15:00:00Z
INS-003,1,true,O-003,NC-001,A-003,visual_inspection,completed,2026-09-03T15:00:00Z
INS-004,1,true,O-004,NC-001,A-004,visual_inspection,completed,2026-09-04T15:00:00Z
INS-005,1,true,O-005,NC-001,A-005,visual_inspection,completed,2026-09-05T15:00:00Z
INS-006,1,true,O-006,NC-001,A-006,visual_inspection,completed,2026-09-06T15:00:00Z
INS-007,1,true,O-007,NC-001,A-007,visual_inspection,completed,2026-09-07T15:00:00Z
INS-008,1,true,O-008,NC-001,A-008,visual_inspection,completed,2026-09-08T15:00:00Z
INS-009,1,true,O-009,NC-001,A-009,visual_inspection,completed,2026-09-09T15:00:00Z
INS-010,1,true,O-010,NC-001,A-010,visual_inspection,completed,2026-09-10T15:00:00Z
INS-011,1,true,O-011,NC-001,A-011,visual_inspection,completed,2026-09-11T15:00:00Z
INS-012,1,true,O-012,NC-001,A-012,visual_inspection,completed,2026-09-12T15:00:00Z
INS-012B,1,true,O-012,NC-001,A-012,visual_inspection,completed,2026-09-13T15:00:00Z
INS-013,1,true,O-013,NC-001,A-013,visual_inspection,completed,2026-09-13T15:00:00Z
INS-014,1,true,O-014,NC-001,A-014,visual_inspection,completed,2026-09-14T15:00:00Z
INS-015,1,true,O-015,NC-001,A-015,visual_inspection,completed,2026-09-15T15:00:00Z
INS-016,1,true,O-016,NC-001,A-016,visual_inspection,completed,2026-09-16T15:00:00Z
INS-017,1,true,O-017,NC-001,A-017,visual_inspection,completed,2026-09-17T15:00:00Z
INS-018,1,true,O-018,NC-001,A-018,visual_inspection,completed,2026-09-18T15:00:00Z
INS-019,1,true,O-019,NC-001,A-019,visual_inspection,completed,2026-09-19T15:00:00Z
INS-020,1,true,O-020,NC-001,A-020,visual_inspection,completed,2026-09-20T15:00:00Z
INS-021,1,true,O-021,NC-001,A-021,visual_inspection,completed,2026-09-21T15:00:00Z
INS-022,1,true,O-022,NC-001,A-022,visual_inspection,completed,2026-09-22T15:00:00Z
INS-023,1,true,O-023,NC-001,A-023,visual_inspection,completed,2026-09-23T15:00:00Z
INS-024,1,true,O-024,NC-001,A-024,visual_inspection,completed,2026-09-24T15:00:00Z
INS-025,1,true,O-025,NC-001,A-025,visual_inspection,completed,2026-09-25T15:00:00Z
INS-026,1,true,O-026,NC-001,A-026,visual_inspection,completed,2026-09-01T15:00:00Z
INS-027,1,true,O-027,NC-001,A-027,visual_inspection,completed,2026-09-02T15:00:00Z
INS-028,1,true,O-028,NC-001,A-028,visual_inspection,completed,2026-09-03T15:00:00Z
INS-029,1,true,O-029,NC-001,A-029,visual_inspection,completed,2026-09-04T15:00:00Z
INS-030,1,true,O-030,NC-001,A-030,visual_inspection,completed,2026-09-05T15:00:00Z
INS-031,1,true,O-031,NC-001,A-031,visual_inspection,completed,2026-09-06T15:00:00Z
INS-032,1,true,O-032,NC-001,A-032,visual_inspection,completed,2026-09-07T15:00:00Z
INS-033,1,true,O-033,NC-001,A-033,visual_inspection,completed,2026-09-08T15:00:00Z
INS-034,1,true,O-034,NC-001,A-034,visual_inspection,completed,2026-09-09T15:00:00Z
INS-035,1,true,O-035,NC-001,A-035,visual_inspection,completed,2026-09-10T15:00:00Z
INS-036,1,true,O-036,NC-001,A-036,visual_inspection,completed,2026-09-11T15:00:00Z
INS-037,1,true,O-037,NC-001,A-037,visual_inspection,completed,2026-09-12T15:00:00Z
INS-038,1,true,O-038,NC-001,A-038,visual_inspection,completed,2026-09-13T15:00:00Z
INS-039,1,true,O-039,NC-001,A-039,visual_inspection,completed,2026-09-14T15:00:00Z
INS-040,1,true,O-040,NC-001,A-040,visual_inspection,completed,2026-09-15T15:00:00Z
