approval_id,inspection_id,inspection_revision,evidence_digest,decision,decided_at,decided_by
APR-001,INS-001,1,sha256:4d97b90411ac5ee1c2e0f1564a147d0b3d84c3fe16d4c9bed7ccbb8c983e63d6,approved,2026-09-03T17:00:00Z,reviewer@example.invalid
APR-002,INS-002,1,sha256:f2fc209719b776f242a272d995488dcb02e6c72591458e63f21d465b255acc83,approved,2026-09-04T17:00:00Z,reviewer@example.invalid
APR-003,INS-003,1,sha256:c1db2972a38fa3e61db1bed67e5d417bcb72397e07e9adb248a370634887fd7e,approved,2026-09-05T17:00:00Z,reviewer@example.invalid
APR-004,INS-004,1,sha256:4e504297b159abe74adc3a01d2d587e9a95e2ee25ede02c6911810c481986f88,approved,2026-09-06T17:00:00Z,reviewer@example.invalid
APR-005,INS-005,1,sha256:cad7bfda6bcefc628b8b82f7c15355e6f46bcdddead70d6e72be966af472b564,approved,2026-09-07T17:00:00Z,reviewer@example.invalid
APR-006,INS-006,1,sha256:3e4a7dee9514595740e85106696abec7d6801a3cba02f064f674127717febb3b,approved,2026-09-08T17:00:00Z,reviewer@example.invalid
APR-007,INS-007,1,sha256:46a5b2263390055c01e4be4e72371dfa9363218a738ad8dafc413aa713d3ffb1,approved,2026-09-09T17:00:00Z,reviewer@example.invalid
APR-008,INS-008,1,sha256:12a74a383d9308708d6cbd87d1f7d1def76419571c998438790d07b9307b85c0,approved,2026-09-10T17:00:00Z,reviewer@example.invalid
APR-009,INS-009,1,sha256:242e8ebd81ce5c651858accdb5db3016401297d0bb4abc89bbf53820fdae749f,approved,2026-09-11T17:00:00Z,reviewer@example.invalid
APR-010,INS-010,1,sha256:e51f084fc1198d0db4899988e3d1f8c7c2649e1e79f8576e16385edafdd5862d,approved,2026-09-12T17:00:00Z,reviewer@example.invalid
APR-011,INS-011,1,sha256:9001f33c4b51305785637d7158396915ff5e78dccfe834d6e5effa67d6003c35,approved,2026-09-13T17:00:00Z,reviewer@example.invalid
APR-012,INS-012,1,sha256:7fb690da46966cdccb1da55bf92d0e81e1b37699bb4f100d41f2e40476c0f6c1,approved,2026-09-14T17:00:00Z,reviewer@example.invalid
APR-013,INS-013,1,sha256:fcb0a790e2ebd59d6fb6d5c94a1f770e40d41dd9acb33bd9c8090838d10a6063,approved,2026-09-15T17:00:00Z,reviewer@example.invalid
APR-014,INS-014,1,sha256:c7582d2715c2ac5673fa6078f63aca9954753801e67fc98d50e239bc45501f46,approved,2026-09-16T17:00:00Z,reviewer@example.invalid
APR-015,INS-015,1,sha256:c17d2567f52dfcbccd5fd18ee31001e0ac66627bd8e74567d797e780593752a6,approved,2026-09-17T17:00:00Z,reviewer@example.invalid
APR-016,INS-016,1,sha256:adb7943723303ee3d51b9f58c29ec23ba7d08e80dce123ad3d84176705780512,approved,2026-09-18T17:00:00Z,reviewer@example.invalid
APR-017,INS-017,1,sha256:90c150aab476094619fad18f210c782f8a16bd32a575dc9a8f79579e84448c68,approved,2026-09-19T17:00:00Z,reviewer@example.invalid
APR-018,INS-018,1,sha256:75e1977f174f08fad9fa3afe89be8d5851f9408314058fccac7c08b8456acff4,approved,2026-09-20T17:00:00Z,reviewer@example.invalid
APR-019,INS-019,1,sha256:5d4f64a8abbface6906a312428a1b7cf8ddf40c064788c17f500a53f43b6fc86,approved,2026-09-21T17:00:00Z,reviewer@example.invalid
APR-020,INS-020,1,sha256:de7b981403f20f0bbc40f787dd46aa577c4849c4ddb4a8568a147497573bc282,approved,2026-09-22T17:00:00Z,reviewer@example.invalid
APR-021,INS-021,1,sha256:e795fe956d638bba5c450a8072ea502798f5b9c9f4b49811fef59f2c3ca89446,approved,2026-09-23T17:00:00Z,reviewer@example.invalid
APR-022,INS-022,1,sha256:52dc8ba957279e52102bd631f5d1df29cb01b0d18b33c2d351834a7fbaefb8e5,approved,2026-09-24T17:00:00Z,reviewer@example.invalid
APR-023,INS-023,1,sha256:d1d6e6bd6fffe5e5d5b62ceb275de810d8a20458b75ed5f75c062f217ac8fd48,approved,2026-09-25T17:00:00Z,reviewer@example.invalid
APR-024,INS-024,1,sha256:1b66f2793600e506bbcfadd0b1b21b81641032b62a39ad166c3a80f36d6d51ab,approved,2026-09-26T17:00:00Z,reviewer@example.invalid
APR-025,INS-025,1,sha256:ad9f47a7d39a5a149677726694a4c98a190ac610c3334d45470d863b04d2f8b9,approved,2026-09-27T17:00:00Z,reviewer@example.invalid
APR-026,INS-026,1,sha256:af00c6d68afa9e3bdd1058ce038a4432b3bc839c6de22f2b4e5dee3eae16f8b5,approved,2026-09-03T17:00:00Z,reviewer@example.invalid
APR-027,INS-027,1,sha256:889924c150230453ca8a742b1fd8d716269da7f8e685aa2bfb385731727649d3,approved,2026-09-04T17:00:00Z,reviewer@example.invalid
APR-028,INS-028,1,sha256:9de299550308763148709099c6f86c737d38af0b667969178a7e45dd21cb706d,approved,2026-09-05T17:00:00Z,reviewer@example.invalid
APR-029,INS-029,1,sha256:bbb67fdc5fe7ab15910421ebac861172cc150122c118609f668361a751c3a086,approved,2026-09-06T17:00:00Z,reviewer@example.invalid
APR-030,INS-030,1,sha256:91503b4bffffaec29d82b025d3d6a3d2eee5f1f48efb51751ac76f61ea51ec99,approved,2026-09-07T17:00:00Z,reviewer@example.invalid
APR-031,INS-031,1,sha256:41fc4e715a54241851d90c3c870f574bb42ed0ce02b28b1e6fdc4e543e78965a,approved,2026-09-08T17:00:00Z,reviewer@example.invalid
APR-032,INS-032,1,sha256:1bc6d0db9ab645ac88d1756410d0a9e6334dd02b74bf459c54d7da7a8c32c10c,approved,2026-09-09T17:00:00Z,reviewer@example.invalid
APR-033,INS-033,1,sha256:40ed2f3173125c8f6e0acc5ef8dfa520871862572384980f251182dd92cfc5bf,approved,2026-09-10T17:00:00Z,reviewer@example.invalid
APR-034,INS-034,1,sha256:60231dd825f8123dc815b9b8e13c2b8cbd099b7faea1381136c889da73fd22c4,approved,2026-09-11T17:00:00Z,reviewer@example.invalid
APR-035,INS-035,1,sha256:468981695f4d5cb71d481b01db5e00031f200e9dcc7d5782d7bc3c60d519671f,approved,2026-09-12T17:00:00Z,reviewer@example.invalid
APR-036,INS-036,1,sha256:81d80dedd3540b49eb0713f660aa882b262bb7f680e48bd7ff60f4e2ec4d13cc,approved,2026-09-13T17:00:00Z,reviewer@example.invalid
APR-037,INS-037,1,sha256:a28f992f1a283c8d9f790ec5cf54be9b419daaa8ce449431bf7a501e7d59e1e6,approved,2026-09-14T17:00:00Z,reviewer@example.invalid
APR-038,INS-038,1,sha256:22f795910728d3e63945094bdc13cc6b501101f776f7709bb68550eaac33a56d,approved,2026-09-15T17:00:00Z,reviewer@example.invalid
APR-039,INS-039,1,sha256:5ba1138dba8ba60a36a00e32adfae4d487076bed063ba8598086e679d4d38349,approved,2026-09-16T17:00:00Z,reviewer@example.invalid
APR-040,INS-040,1,sha256:1160802d805dabc00514ef661ccc6b2f20b0175a4610bfb9ffd3b8df9464f62d,approved,2026-09-17T17:00:00Z,reviewer@example.invalid
APR-777,INS-777,1,sha256:4d97b90411ac5ee1c2e0f1564a147d0b3d84c3fe16d4c9bed7ccbb8c983e63d6,approved,2026-09-30T17:00:00Z,reviewer@example.invalid
