obligation_id,project_id,scope_revision,asset_id,activity_kind
O-001,NC-001,S1,A-001,visual_inspection
O-002,NC-001,S1,A-002,visual_inspection
O-003,NC-001,S1,A-003,visual_inspection
O-004,NC-001,S1,A-004,visual_inspection
O-005,NC-001,S1,A-005,visual_inspection
O-006,NC-001,S1,A-006,visual_inspection
O-007,NC-001,S1,A-007,visual_inspection
O-008,NC-001,S1,A-008,visual_inspection
O-009,NC-001,S1,A-009,visual_inspection
O-010,NC-001,S1,A-010,visual_inspection
O-011,NC-001,S1,A-011,visual_inspection
O-012,NC-001,S1,A-012,visual_inspection
O-013,NC-001,S1,A-013,visual_inspection
O-014,NC-001,S1,A-014,visual_inspection
O-015,NC-001,S1,A-015,visual_inspection
O-016,NC-001,S1,A-016,visual_inspection
O-017,NC-001,S1,A-017,visual_inspection
O-018,NC-001,S1,A-018,visual_inspection
O-019,NC-001,S1,A-019,visual_inspection
O-020,NC-001,S1,A-020,visual_inspection
O-021,NC-001,S1,A-021,visual_inspection
O-022,NC-001,S1,A-022,visual_inspection
O-023,NC-001,S1,A-023,visual_inspection
O-024,NC-001,S1,A-024,visual_inspection
O-025,NC-001,S1,A-025,visual_inspection
O-026,NC-001,S1,A-026,visual_inspection
O-027,NC-001,S1,A-027,visual_inspection
O-028,NC-001,S1,A-028,visual_inspection
O-029,NC-001,S1,A-029,visual_inspection
O-030,NC-001,S1,A-030,visual_inspection
O-031,NC-001,S1,A-031,visual_inspection
O-032,NC-001,S1,A-032,visual_inspection
O-033,NC-001,S1,A-033,visual_inspection
O-034,NC-001,S1,A-034,visual_inspection
O-035,NC-001,S1,A-035,visual_inspection
O-036,NC-001,S1,A-036,visual_inspection
O-037,NC-001,S1,A-037,visual_inspection
O-038,NC-001,S1,A-038,visual_inspection
O-039,NC-001,S1,A-039,visual_inspection
O-040,NC-001,S1,A-040,visual_inspection
